{
  "version": 1,
  "author": "Anonymous maker",
  "editor": "wokwi",
  "parts": [
    { "type": "wokwi-arduino-uno", "id": "uno", "top": -9, "left": -10.2, "attrs": {} },
    {
      "type": "wokwi-rgb-led",
      "id": "rgb1",
      "top": -188,
      "left": 193.1,
      "attrs": { "common": "cathode" }
    },
    {
      "type": "wokwi-resistor",
      "id": "r1",
      "top": -100.8,
      "left": 162.65,
      "rotate": 90,
      "attrs": { "value": "220" }
    },
    {
      "type": "wokwi-resistor",
      "id": "r2",
      "top": -100.8,
      "left": 191.45,
      "rotate": 90,
      "attrs": { "value": "220" }
    },
    {
      "type": "wokwi-resistor",
      "id": "r3",
      "top": -100.8,
      "left": 201.05,
      "rotate": 90,
      "attrs": { "value": "220" }
    },
    {
      "type": "wokwi-potentiometer",
      "id": "pot1",
      "top": 242.1,
      "left": 154.6,
      "rotate": 180,
      "attrs": {}
    },
    {
      "type": "wokwi-potentiometer",
      "id": "pot2",
      "top": 242.1,
      "left": 250.6,
      "rotate": 180,
      "attrs": {}
    },
    {
      "type": "wokwi-potentiometer",
      "id": "pot3",
      "top": 242.1,
      "left": 337,
      "rotate": 180,
      "attrs": {}
    },
    {
      "type": "board-ssd1306",
      "id": "oled1",
      "top": 243.14,
      "left": -18.97,
      "attrs": { "i2cAddress": "0x3c" }
    }
  ],
  "connections": [
    [ "rgb1:G", "r2:1", "green", [ "v0" ] ],
    [ "rgb1:B", "r3:1", "green", [ "v0" ] ],
    [ "r1:2", "uno:6", "green", [ "h0" ] ],
    [ "r2:2", "uno:5", "green", [ "h0" ] ],
    [ "rgb1:COM", "uno:GND.1", "green", [ "v-0.4", "h-105.5", "v124.8" ] ],
    [ "rgb1:R", "r1:1", "green", [ "v0", "h-9.6" ] ],
    [ "r3:2", "uno:3", "green", [ "h0", "v8.4", "h-9.6" ] ],
    [ "uno:A0", "pot1:SIG", "green", [ "v0" ] ],
    [ "pot1:VCC", "uno:5V", "red", [ "v-28.8", "h-28" ] ],
    [ "pot1:GND", "uno:GND.2", "black", [ "v-38.4", "h-38.4" ] ],
    [ "pot2:VCC", "uno:5V", "red", [ "v-28.8", "h-104.8", "v0", "h-19.2" ] ],
    [ "pot2:GND", "uno:GND.2", "black", [ "v-38.4", "h-134.4" ] ],
    [ "pot2:SIG", "uno:A1", "green", [ "v-48", "h-76.4" ] ],
    [ "pot3:VCC", "uno:5V", "red", [ "v-48", "h-210.4" ] ],
    [ "pot3:GND", "uno:GND.2", "black", [ "v-57.6", "h-220.8" ] ],
    [ "pot3:SIG", "uno:A2", "green", [ "v-57.6", "h-153.2" ] ],
    [ "oled1:GND", "uno:GND.2", "black", [ "v-57.6", "h144" ] ],
    [ "oled1:VCC", "uno:5V", "red", [ "v-48", "h124.95" ] ],
    [ "oled1:SDA", "uno:A4", "green", [ "v-19.2", "h182.47" ] ],
    [ "oled1:SCL", "uno:A5", "green", [ "v-9.6", "h211.5" ] ]
  ],
  "dependencies": {}
}